{"cameraMode":{"drawMode":0,"name":"Shaded","section":"Shading Mode"},"sceneLighting":false,"audioPlay":false,"sceneViewState":{"m_AlwaysRefresh":false,"showFog":true,"showSkybox":false,"showFlares":true,"showImageEffects":true,"showParticleSystems":true,"showVisualEffectGraphs":true,"m_FxEnabled":true},"in2DMode":false,"pivot":{"x":1.3587102890014649,"y":0.25450825691223147,"z":-0.7617371678352356},"rotation":{"x":0.015119612216949463,"y":-0.9424269199371338,"z":0.04366092011332512,"w":0.3319503664970398},"size":1.511381983757019,"orthographic":false}